scene,song,listener,left_haaqi,right_haaqi,avg_haaqi
S50001,anitrasdance_001,L5051,0.46359115790224464,0.46471533302472373,0.4641532454634842
S50201,sq7294793_2_010,L5009,0.5597341641272027,0.556285304375773,0.5580097342514878
S50401,sample_014,L5043,0.32357639061005533,0.3242872976806299,0.3239318441453426
S50601,sample_064,L5007,0.2761659487778879,0.2868087179535561,0.281487333365722
S50801,sample_114,L5066,0.2821118671661468,0.2748077263667362,0.2784597967664415
S51001,sample_164,L5053,0.7633615404367186,0.7592287385699953,0.7612951395033569
