epoch,hp_metric,loss,step
,4.858879089355469,,0
0,,0.00424058735370636,49
0,,-0.33950120210647583,99
