epoch,hp_metric,loss,step
,4.371466159820557,,0
0,,0.004031002521514893,49
