epoch,hp_metric,loss,step
,5.4218339920043945,,0
0,,0.08524268865585327,49
