scene,song,listener,left_haaqi,right_haaqi,avg_haaqi
S50001,anitrasdance_001,L5051,0.4044992747121954,0.3997825645676474,0.4021409196399214
S50201,sq7294793_2_010,L5009,0.4973909035010297,0.4674821382072731,0.4824365208541514
S50401,sample_014,L5043,0.28466645951251884,0.26292350730460623,0.27379498340856256
S50601,sample_064,L5007,0.25201224003584033,0.2643387727153252,0.25817550637558273
S50801,sample_114,L5066,0.2395811736671406,0.23607879552962754,0.23782998459838406
S51001,sample_164,L5053,0.8854609039107415,0.8960816769443083,0.8907712904275249
