epoch,hp_metric,loss,step
,3.3907063007354736,,0
0,,-0.036338597536087036,49
