epoch,hp_metric,loss,step
,7.3323869705200195,,0
0,,-1.2385125160217285,49
