epoch,hp_metric,loss,step
,6.520787239074707,,0
0,,-1.0799516439437866,49
0,,0.17260916531085968,99
