epoch,hp_metric,loss,step
,4.8979692459106445,,0
0,,-0.003978610038757324,49
