epoch,hp_metric,loss,step
,5.191205024719238,,0
0,,-0.018337853252887726,49
